seasonId,scoringPeriodId,matchupId,proTeam,opponent,isHome,date
2026,1,401872656,NE,SEA,FALSE,2026-09-10T00:20:00Z
2026,1,401872656,SEA,NE,TRUE,2026-09-10T00:20:00Z
2026,1,401872657,LAR,SF,TRUE,2026-09-11T00:35:00Z
2026,1,401872657,SF,LAR,FALSE,2026-09-11T00:35:00Z
2026,1,401872658,ATL,PIT,FALSE,2026-09-13T17:00:00Z
2026,1,401872658,PIT,ATL,TRUE,2026-09-13T17:00:00Z
2026,1,401872659,IND,BAL,TRUE,2026-09-13T17:00:00Z
2026,1,401872659,BAL,IND,FALSE,2026-09-13T17:00:00Z
2026,1,401872660,BUF,HOU,FALSE,2026-09-13T17:00:00Z
2026,1,401872660,HOU,BUF,TRUE,2026-09-13T17:00:00Z
2026,1,401872661,CHI,CAR,FALSE,2026-09-13T17:00:00Z
2026,1,401872661,CAR,CHI,TRUE,2026-09-13T17:00:00Z
2026,1,401872922,CLE,JAX,FALSE,2026-09-13T17:00:00Z
2026,1,401872922,JAX,CLE,TRUE,2026-09-13T17:00:00Z
2026,1,401872923,DET,NO,TRUE,2026-09-13T17:00:00Z
2026,1,401872923,NO,DET,FALSE,2026-09-13T17:00:00Z
2026,1,401872924,TEN,NYJ,TRUE,2026-09-13T17:00:00Z
2026,1,401872924,NYJ,TEN,FALSE,2026-09-13T17:00:00Z
2026,1,401872925,CIN,TB,TRUE,2026-09-13T17:00:00Z
2026,1,401872925,TB,CIN,FALSE,2026-09-13T17:00:00Z
2026,1,401872926,ARI,LAC,FALSE,2026-09-13T20:25:00Z
2026,1,401872926,LAC,ARI,TRUE,2026-09-13T20:25:00Z
2026,1,401872927,GB,MIN,FALSE,2026-09-13T20:25:00Z
2026,1,401872927,MIN,GB,TRUE,2026-09-13T20:25:00Z
2026,1,401872928,LV,MIA,TRUE,2026-09-13T20:25:00Z
2026,1,401872928,MIA,LV,FALSE,2026-09-13T20:25:00Z
2026,1,401872929,PHI,WSH,TRUE,2026-09-13T20:25:00Z
2026,1,401872929,WSH,PHI,FALSE,2026-09-13T20:25:00Z
2026,1,401872930,DAL,NYG,FALSE,2026-09-14T00:20:00Z
2026,1,401872930,NYG,DAL,TRUE,2026-09-14T00:20:00Z
2026,1,401872931,DEN,KC,FALSE,2026-09-15T00:15:00Z
2026,1,401872931,KC,DEN,TRUE,2026-09-15T00:15:00Z
2026,2,401872932,BUF,DET,TRUE,2026-09-18T00:15:00Z
2026,2,401872932,DET,BUF,FALSE,2026-09-18T00:15:00Z
2026,2,401872933,ATL,CAR,TRUE,2026-09-20T17:00:00Z
2026,2,401872933,CAR,ATL,FALSE,2026-09-20T17:00:00Z
2026,2,401872934,CIN,HOU,FALSE,2026-09-20T17:00:00Z
2026,2,401872934,HOU,CIN,TRUE,2026-09-20T17:00:00Z
2026,2,401872935,CLE,TB,FALSE,2026-09-20T17:00:00Z
2026,2,401872935,TB,CLE,TRUE,2026-09-20T17:00:00Z
2026,2,401872936,GB,NYJ,FALSE,2026-09-20T17:00:00Z
2026,2,401872936,NYJ,GB,TRUE,2026-09-20T17:00:00Z
2026,2,401872937,CHI,MIN,TRUE,2026-09-20T17:00:00Z
2026,2,401872937,MIN,CHI,FALSE,2026-09-20T17:00:00Z
2026,2,401872938,NO,BAL,FALSE,2026-09-20T17:00:00Z
2026,2,401872938,BAL,NO,TRUE,2026-09-20T17:00:00Z
2026,2,401872939,TEN,PHI,TRUE,2026-09-20T17:00:00Z
2026,2,401872939,PHI,TEN,FALSE,2026-09-20T17:00:00Z
2026,2,401872946,NE,PIT,TRUE,2026-09-20T17:00:00Z
2026,2,401872946,PIT,NE,FALSE,2026-09-20T17:00:00Z
2026,2,401872940,DEN,JAX,TRUE,2026-09-20T20:05:00Z
2026,2,401872940,JAX,DEN,FALSE,2026-09-20T20:05:00Z
2026,2,401872941,LV,LAC,FALSE,2026-09-20T20:05:00Z
2026,2,401872941,LAC,LV,TRUE,2026-09-20T20:05:00Z
2026,2,401872942,MIA,SF,FALSE,2026-09-20T20:25:00Z
2026,2,401872942,SF,MIA,TRUE,2026-09-20T20:25:00Z
2026,2,401872943,ARI,SEA,TRUE,2026-09-20T20:25:00Z
2026,2,401872943,SEA,ARI,FALSE,2026-09-20T20:25:00Z
2026,2,401872944,DAL,WSH,TRUE,2026-09-20T20:25:00Z
2026,2,401872944,WSH,DAL,FALSE,2026-09-20T20:25:00Z
2026,2,401872945,IND,KC,FALSE,2026-09-21T00:20:00Z
2026,2,401872945,KC,IND,TRUE,2026-09-21T00:20:00Z
2026,2,401872947,LAR,NYG,TRUE,2026-09-22T00:15:00Z
2026,2,401872947,NYG,LAR,FALSE,2026-09-22T00:15:00Z
2026,3,401872948,ATL,GB,FALSE,2026-09-25T00:15:00Z
2026,3,401872948,GB,ATL,TRUE,2026-09-25T00:15:00Z
2026,3,401872949,CLE,CAR,TRUE,2026-09-27T17:00:00Z
2026,3,401872949,CAR,CLE,FALSE,2026-09-27T17:00:00Z
2026,3,401872950,CIN,PIT,FALSE,2026-09-27T17:00:00Z
2026,3,401872950,PIT,CIN,TRUE,2026-09-27T17:00:00Z
2026,3,401872951,IND,HOU,TRUE,2026-09-27T17:00:00Z
2026,3,401872951,HOU,IND,FALSE,2026-09-27T17:00:00Z
2026,3,401872952,KC,MIA,FALSE,2026-09-27T17:00:00Z
2026,3,401872952,MIA,KC,TRUE,2026-09-27T17:00:00Z
2026,3,401872953,BUF,LAC,TRUE,2026-09-27T17:00:00Z
2026,3,401872953,LAC,BUF,FALSE,2026-09-27T17:00:00Z
2026,3,401872954,DET,NYJ,TRUE,2026-09-27T17:00:00Z
2026,3,401872954,NYJ,DET,FALSE,2026-09-27T17:00:00Z
2026,3,401872955,SEA,WSH,FALSE,2026-09-27T17:00:00Z
2026,3,401872955,WSH,SEA,TRUE,2026-09-27T17:00:00Z
2026,3,401872956,TEN,NYG,FALSE,2026-09-27T17:00:00Z
2026,3,401872956,NYG,TEN,TRUE,2026-09-27T17:00:00Z
2026,3,401872957,NE,JAX,FALSE,2026-09-27T17:00:00Z
2026,3,401872957,JAX,NE,TRUE,2026-09-27T17:00:00Z
2026,3,401872958,ARI,SF,FALSE,2026-09-27T20:05:00Z
2026,3,401872958,SF,ARI,TRUE,2026-09-27T20:05:00Z
2026,3,401872959,MIN,TB,FALSE,2026-09-27T20:05:00Z
2026,3,401872959,TB,MIN,TRUE,2026-09-27T20:05:00Z
2026,3,401872960,DAL,BAL,TRUE,2026-09-27T20:25:00Z
2026,3,401872960,BAL,DAL,FALSE,2026-09-27T20:25:00Z
2026,3,401872961,LV,NO,FALSE,2026-09-27T20:25:00Z
2026,3,401872961,NO,LV,TRUE,2026-09-27T20:25:00Z
2026,3,401872962,DEN,LAR,TRUE,2026-09-28T00:20:00Z
2026,3,401872962,LAR,DEN,FALSE,2026-09-28T00:20:00Z
2026,3,401872963,CHI,PHI,TRUE,2026-09-29T00:15:00Z
2026,3,401872963,PHI,CHI,FALSE,2026-09-29T00:15:00Z
2026,4,401872964,CLE,PIT,TRUE,2026-10-02T00:15:00Z
2026,4,401872964,PIT,CLE,FALSE,2026-10-02T00:15:00Z
2026,4,401872965,IND,WSH,FALSE,2026-10-04T13:30:00Z
2026,4,401872965,WSH,IND,TRUE,2026-10-04T13:30:00Z
2026,4,401872966,NYG,ARI,TRUE,2026-10-04T17:00:00Z
2026,4,401872966,ARI,NYG,FALSE,2026-10-04T17:00:00Z
2026,4,401872967,DAL,HOU,FALSE,2026-10-04T17:00:00Z
2026,4,401872967,HOU,DAL,TRUE,2026-10-04T17:00:00Z
2026,4,401872968,GB,TB,FALSE,2026-10-04T17:00:00Z
2026,4,401872968,TB,GB,TRUE,2026-10-04T17:00:00Z
2026,4,401872969,CIN,JAX,TRUE,2026-10-04T17:00:00Z
2026,4,401872969,JAX,CIN,FALSE,2026-10-04T17:00:00Z
2026,4,401872970,LAR,PHI,FALSE,2026-10-04T17:00:00Z
2026,4,401872970,PHI,LAR,TRUE,2026-10-04T17:00:00Z
2026,4,401872971,BUF,NE,TRUE,2026-10-04T17:00:00Z
2026,4,401872971,NE,BUF,FALSE,2026-10-04T17:00:00Z
2026,4,401872972,CHI,NYJ,TRUE,2026-10-04T17:00:00Z
2026,4,401872972,NYJ,CHI,FALSE,2026-10-04T17:00:00Z
2026,4,401872973,TEN,BAL,FALSE,2026-10-04T17:00:00Z
2026,4,401872973,BAL,TEN,TRUE,2026-10-04T17:00:00Z
2026,4,401872974,MIA,MIN,FALSE,2026-10-04T20:05:00Z
2026,4,401872974,MIN,MIA,TRUE,2026-10-04T20:05:00Z
2026,4,401872975,DEN,SF,FALSE,2026-10-04T20:25:00Z
2026,4,401872975,SF,DEN,TRUE,2026-10-04T20:25:00Z
2026,4,401872976,KC,LV,FALSE,2026-10-04T20:25:00Z
2026,4,401872976,LV,KC,TRUE,2026-10-04T20:25:00Z
2026,4,401872977,LAC,SEA,FALSE,2026-10-04T20:25:00Z
2026,4,401872977,SEA,LAC,TRUE,2026-10-04T20:25:00Z
2026,4,401872978,DET,CAR,FALSE,2026-10-05T00:20:00Z
2026,4,401872978,CAR,DET,TRUE,2026-10-05T00:20:00Z
2026,4,401872979,ATL,NO,FALSE,2026-10-06T00:15:00Z
2026,4,401872979,NO,ATL,TRUE,2026-10-06T00:15:00Z
2026,5,401872980,DAL,TB,TRUE,2026-10-09T00:15:00Z
2026,5,401872980,TB,DAL,FALSE,2026-10-09T00:15:00Z
2026,5,401872981,PHI,JAX,FALSE,2026-10-11T13:30:00Z
2026,5,401872981,JAX,PHI,TRUE,2026-10-11T13:30:00Z
2026,5,401872982,CIN,MIA,FALSE,2026-10-11T17:00:00Z
2026,5,401872982,MIA,CIN,TRUE,2026-10-11T17:00:00Z
2026,5,401872983,CLE,NYJ,FALSE,2026-10-11T17:00:00Z
2026,5,401872983,NYJ,CLE,TRUE,2026-10-11T17:00:00Z
2026,5,401872984,TEN,HOU,TRUE,2026-10-11T17:00:00Z
2026,5,401872984,HOU,TEN,FALSE,2026-10-11T17:00:00Z
2026,5,401872985,IND,PIT,FALSE,2026-10-11T17:00:00Z
2026,5,401872985,PIT,IND,TRUE,2026-10-11T17:00:00Z
2026,5,401872986,LV,NE,FALSE,2026-10-11T17:00:00Z
2026,5,401872986,NE,LV,TRUE,2026-10-11T17:00:00Z
2026,5,401872987,MIN,NO,FALSE,2026-10-11T17:00:00Z
2026,5,401872987,NO,MIN,TRUE,2026-10-11T17:00:00Z
2026,5,401872988,NYG,WSH,FALSE,2026-10-11T17:00:00Z
2026,5,401872988,WSH,NYG,TRUE,2026-10-11T17:00:00Z
2026,5,401872989,DEN,LAC,FALSE,2026-10-11T20:05:00Z
2026,5,401872989,LAC,DEN,TRUE,2026-10-11T20:05:00Z
2026,5,401872990,CHI,GB,FALSE,2026-10-11T20:25:00Z
2026,5,401872990,GB,CHI,TRUE,2026-10-11T20:25:00Z
2026,5,401872991,DET,ARI,FALSE,2026-10-11T20:25:00Z
2026,5,401872991,ARI,DET,TRUE,2026-10-11T20:25:00Z
2026,5,401872992,SF,SEA,FALSE,2026-10-11T20:25:00Z
2026,5,401872992,SEA,SF,TRUE,2026-10-11T20:25:00Z
2026,5,401872993,ATL,BAL,TRUE,2026-10-12T00:20:00Z
2026,5,401872993,BAL,ATL,FALSE,2026-10-12T00:20:00Z
2026,5,401872994,BUF,LAR,FALSE,2026-10-13T00:15:00Z
2026,5,401872994,LAR,BUF,TRUE,2026-10-13T00:15:00Z
2026,6,401872995,DEN,SEA,TRUE,2026-10-16T00:15:00Z
2026,6,401872995,SEA,DEN,FALSE,2026-10-16T00:15:00Z
2026,6,401872996,JAX,HOU,TRUE,2026-10-18T13:30:00Z
2026,6,401872996,HOU,JAX,FALSE,2026-10-18T13:30:00Z
2026,6,401872997,CLE,BAL,TRUE,2026-10-18T17:00:00Z
2026,6,401872997,BAL,CLE,FALSE,2026-10-18T17:00:00Z
2026,6,401872998,PHI,CAR,TRUE,2026-10-18T17:00:00Z
2026,6,401872998,CAR,PHI,FALSE,2026-10-18T17:00:00Z
2026,6,401872999,ATL,CHI,TRUE,2026-10-18T17:00:00Z
2026,6,401872999,CHI,ATL,FALSE,2026-10-18T17:00:00Z
2026,6,401873000,NO,NYG,FALSE,2026-10-18T17:00:00Z
2026,6,401873000,NYG,NO,TRUE,2026-10-18T17:00:00Z
2026,6,401873001,NE,NYJ,TRUE,2026-10-18T17:00:00Z
2026,6,401873001,NYJ,NE,FALSE,2026-10-18T17:00:00Z
2026,6,401873002,PIT,TB,FALSE,2026-10-18T17:00:00Z
2026,6,401873002,TB,PIT,TRUE,2026-10-18T17:00:00Z
2026,6,401873003,TEN,IND,FALSE,2026-10-18T17:00:00Z
2026,6,401873003,IND,TEN,TRUE,2026-10-18T17:00:00Z
2026,6,401873004,LAR,ARI,TRUE,2026-10-18T20:05:00Z
2026,6,401873004,ARI,LAR,FALSE,2026-10-18T20:05:00Z
2026,6,401873005,BUF,LV,FALSE,2026-10-18T20:25:00Z
2026,6,401873005,LV,BUF,TRUE,2026-10-18T20:25:00Z
2026,6,401873006,KC,LAC,TRUE,2026-10-18T20:25:00Z
2026,6,401873006,LAC,KC,FALSE,2026-10-18T20:25:00Z
2026,6,401873007,DAL,GB,FALSE,2026-10-19T00:20:00Z
2026,6,401873007,GB,DAL,TRUE,2026-10-19T00:20:00Z
2026,6,401873008,SF,WSH,TRUE,2026-10-20T00:15:00Z
2026,6,401873008,WSH,SF,FALSE,2026-10-20T00:15:00Z
2026,7,401873010,CHI,NE,TRUE,2026-10-23T00:15:00Z
2026,7,401873010,NE,CHI,FALSE,2026-10-23T00:15:00Z
2026,7,401873011,NO,PIT,TRUE,2026-10-25T13:30:00Z
2026,7,401873011,PIT,NO,FALSE,2026-10-25T13:30:00Z
2026,7,401873012,CIN,BAL,FALSE,2026-10-25T17:00:00Z
2026,7,401873012,BAL,CIN,TRUE,2026-10-25T17:00:00Z
2026,7,401873013,CLE,TEN,FALSE,2026-10-25T17:00:00Z
2026,7,401873013,TEN,CLE,TRUE,2026-10-25T17:00:00Z
2026,7,401873014,IND,MIN,FALSE,2026-10-25T17:00:00Z
2026,7,401873014,MIN,IND,TRUE,2026-10-25T17:00:00Z
2026,7,401873015,MIA,NYJ,FALSE,2026-10-25T17:00:00Z
2026,7,401873015,NYJ,MIA,TRUE,2026-10-25T17:00:00Z
2026,7,401873016,NYG,HOU,FALSE,2026-10-25T17:00:00Z
2026,7,401873016,HOU,NYG,TRUE,2026-10-25T17:00:00Z
2026,7,401873017,ATL,SF,TRUE,2026-10-25T17:00:00Z
2026,7,401873017,SF,ATL,FALSE,2026-10-25T17:00:00Z
2026,7,401873018,TB,CAR,FALSE,2026-10-25T17:00:00Z
2026,7,401873018,CAR,TB,TRUE,2026-10-25T17:00:00Z
2026,7,401873019,DEN,ARI,FALSE,2026-10-25T20:05:00Z
2026,7,401873019,ARI,DEN,TRUE,2026-10-25T20:05:00Z
2026,7,401873020,DET,GB,TRUE,2026-10-25T20:25:00Z
2026,7,401873020,GB,DET,FALSE,2026-10-25T20:25:00Z
2026,7,401873021,LV,LAR,TRUE,2026-10-25T20:25:00Z
2026,7,401873021,LAR,LV,FALSE,2026-10-25T20:25:00Z
2026,7,401873022,KC,SEA,FALSE,2026-10-26T00:20:00Z
2026,7,401873022,SEA,KC,TRUE,2026-10-26T00:20:00Z
2026,7,401873009,DAL,PHI,FALSE,2026-10-27T00:15:00Z
2026,7,401873009,PHI,DAL,TRUE,2026-10-27T00:15:00Z
2026,8,401873023,GB,CAR,TRUE,2026-10-30T00:15:00Z
2026,8,401873023,CAR,GB,FALSE,2026-10-30T00:15:00Z
2026,8,401873024,DAL,ARI,TRUE,2026-11-01T18:00:00Z
2026,8,401873024,ARI,DAL,FALSE,2026-11-01T18:00:00Z
2026,8,401873025,ATL,TB,FALSE,2026-11-01T18:00:00Z
2026,8,401873025,TB,ATL,TRUE,2026-11-01T18:00:00Z
2026,8,401873026,BUF,BAL,TRUE,2026-11-01T18:00:00Z
2026,8,401873026,BAL,BUF,FALSE,2026-11-01T18:00:00Z
2026,8,401873027,CLE,PIT,FALSE,2026-11-01T18:00:00Z
2026,8,401873027,PIT,CLE,TRUE,2026-11-01T18:00:00Z
2026,8,401873028,IND,JAX,FALSE,2026-11-01T18:00:00Z
2026,8,401873028,JAX,IND,TRUE,2026-11-01T18:00:00Z
2026,8,401873029,LV,NYJ,FALSE,2026-11-01T18:00:00Z
2026,8,401873029,NYJ,LV,TRUE,2026-11-01T18:00:00Z
2026,8,401873030,DET,MIN,TRUE,2026-11-01T18:00:00Z
2026,8,401873030,MIN,DET,FALSE,2026-11-01T18:00:00Z
2026,8,401873031,CIN,TEN,TRUE,2026-11-01T18:00:00Z
2026,8,401873031,TEN,CIN,FALSE,2026-11-01T18:00:00Z
2026,8,401873032,LAR,LAC,TRUE,2026-11-01T21:05:00Z
2026,8,401873032,LAC,LAR,FALSE,2026-11-01T21:05:00Z
2026,8,401873033,DEN,KC,TRUE,2026-11-01T21:25:00Z
2026,8,401873033,KC,DEN,FALSE,2026-11-01T21:25:00Z
2026,8,401873034,MIA,NE,TRUE,2026-11-01T21:25:00Z
2026,8,401873034,NE,MIA,FALSE,2026-11-01T21:25:00Z
2026,8,401873035,PHI,WSH,FALSE,2026-11-02T01:20:00Z
2026,8,401873035,WSH,PHI,TRUE,2026-11-02T01:20:00Z
2026,8,401873036,CHI,SEA,FALSE,2026-11-03T01:15:00Z
2026,8,401873036,SEA,CHI,TRUE,2026-11-03T01:15:00Z
2026,9,401873037,JAX,BAL,FALSE,2026-11-06T01:15:00Z
2026,9,401873037,BAL,JAX,TRUE,2026-11-06T01:15:00Z
2026,9,401873038,ATL,CIN,TRUE,2026-11-08T14:30:00Z
2026,9,401873038,CIN,ATL,FALSE,2026-11-08T14:30:00Z
2026,9,401873039,CLE,NO,FALSE,2026-11-08T18:00:00Z
2026,9,401873039,NO,CLE,TRUE,2026-11-08T18:00:00Z
2026,9,401873040,DAL,IND,FALSE,2026-11-08T18:00:00Z
2026,9,401873040,IND,DAL,TRUE,2026-11-08T18:00:00Z
2026,9,401873041,DEN,CAR,FALSE,2026-11-08T18:00:00Z
2026,9,401873041,CAR,DEN,TRUE,2026-11-08T18:00:00Z
2026,9,401873042,DET,MIA,FALSE,2026-11-08T18:00:00Z
2026,9,401873042,MIA,DET,TRUE,2026-11-08T18:00:00Z
2026,9,401873043,LAR,WSH,FALSE,2026-11-08T18:00:00Z
2026,9,401873043,WSH,LAR,TRUE,2026-11-08T18:00:00Z
2026,9,401873044,NYG,PHI,FALSE,2026-11-08T18:00:00Z
2026,9,401873044,PHI,NYG,TRUE,2026-11-08T18:00:00Z
2026,9,401873045,KC,NYJ,TRUE,2026-11-08T18:00:00Z
2026,9,401873045,NYJ,KC,FALSE,2026-11-08T18:00:00Z
2026,9,401873046,LAC,HOU,TRUE,2026-11-08T21:05:00Z
2026,9,401873046,HOU,LAC,FALSE,2026-11-08T21:05:00Z
2026,9,401873047,LV,SF,FALSE,2026-11-08T21:05:00Z
2026,9,401873047,SF,LV,TRUE,2026-11-08T21:05:00Z
2026,9,401873048,ARI,SEA,FALSE,2026-11-08T21:25:00Z
2026,9,401873048,SEA,ARI,TRUE,2026-11-08T21:25:00Z
2026,9,401873049,GB,NE,FALSE,2026-11-08T21:25:00Z
2026,9,401873049,NE,GB,TRUE,2026-11-08T21:25:00Z
2026,9,401873050,CHI,TB,TRUE,2026-11-09T01:20:00Z
2026,9,401873050,TB,CHI,FALSE,2026-11-09T01:20:00Z
2026,9,401873051,BUF,MIN,FALSE,2026-11-10T01:15:00Z
2026,9,401873051,MIN,BUF,TRUE,2026-11-10T01:15:00Z
2026,10,401873052,NYG,WSH,TRUE,2026-11-13T01:15:00Z
2026,10,401873052,WSH,NYG,FALSE,2026-11-13T01:15:00Z
2026,10,401873053,DET,NE,TRUE,2026-11-15T14:30:00Z
2026,10,401873053,NE,DET,FALSE,2026-11-15T14:30:00Z
2026,10,401873054,BUF,NYJ,FALSE,2026-11-15T18:00:00Z
2026,10,401873054,NYJ,BUF,TRUE,2026-11-15T18:00:00Z
2026,10,401873055,NO,CAR,TRUE,2026-11-15T18:00:00Z
2026,10,401873055,CAR,NO,FALSE,2026-11-15T18:00:00Z
2026,10,401873056,CLE,HOU,TRUE,2026-11-15T18:00:00Z
2026,10,401873056,HOU,CLE,FALSE,2026-11-15T18:00:00Z
2026,10,401873057,TEN,JAX,TRUE,2026-11-15T18:00:00Z
2026,10,401873057,JAX,TEN,FALSE,2026-11-15T18:00:00Z
2026,10,401873058,ATL,KC,TRUE,2026-11-15T18:00:00Z
2026,10,401873058,KC,ATL,FALSE,2026-11-15T18:00:00Z
2026,10,401873059,IND,MIA,TRUE,2026-11-15T18:00:00Z
2026,10,401873059,MIA,IND,FALSE,2026-11-15T18:00:00Z
2026,10,401873060,GB,MIN,TRUE,2026-11-15T18:00:00Z
2026,10,401873060,MIN,GB,FALSE,2026-11-15T18:00:00Z
2026,10,401873061,LAR,ARI,FALSE,2026-11-15T21:05:00Z
2026,10,401873061,ARI,LAR,TRUE,2026-11-15T21:05:00Z
2026,10,401873062,LV,SEA,TRUE,2026-11-15T21:05:00Z
2026,10,401873062,SEA,LV,FALSE,2026-11-15T21:05:00Z
2026,10,401873063,DAL,SF,TRUE,2026-11-15T21:25:00Z
2026,10,401873063,SF,DAL,FALSE,2026-11-15T21:25:00Z
2026,10,401873064,CIN,PIT,TRUE,2026-11-16T01:20:00Z
2026,10,401873064,PIT,CIN,FALSE,2026-11-16T01:20:00Z
2026,10,401873065,LAC,BAL,FALSE,2026-11-17T01:15:00Z
2026,10,401873065,BAL,LAC,TRUE,2026-11-17T01:15:00Z
2026,11,401873066,IND,HOU,FALSE,2026-11-20T01:15:00Z
2026,11,401873066,HOU,IND,TRUE,2026-11-20T01:15:00Z
2026,11,401873067,KC,ARI,TRUE,2026-11-22T18:00:00Z
2026,11,401873067,ARI,KC,FALSE,2026-11-22T18:00:00Z
2026,11,401873068,CAR,BAL,TRUE,2026-11-22T18:00:00Z
2026,11,401873068,BAL,CAR,FALSE,2026-11-22T18:00:00Z
2026,11,401873069,NYG,JAX,TRUE,2026-11-22T18:00:00Z
2026,11,401873069,JAX,NYG,FALSE,2026-11-22T18:00:00Z
2026,11,401873070,BUF,MIA,TRUE,2026-11-22T18:00:00Z
2026,11,401873070,MIA,BUF,FALSE,2026-11-22T18:00:00Z
2026,11,401873071,CHI,NO,TRUE,2026-11-22T18:00:00Z
2026,11,401873071,NO,CHI,FALSE,2026-11-22T18:00:00Z
2026,11,401873072,DET,TB,TRUE,2026-11-22T18:00:00Z
2026,11,401873072,TB,DET,FALSE,2026-11-22T18:00:00Z
2026,11,401873073,DAL,TEN,TRUE,2026-11-22T18:00:00Z
2026,11,401873073,TEN,DAL,FALSE,2026-11-22T18:00:00Z
2026,11,401873074,NYJ,LAC,FALSE,2026-11-22T21:05:00Z
2026,11,401873074,LAC,NYJ,TRUE,2026-11-22T21:05:00Z
2026,11,401873075,DEN,LV,TRUE,2026-11-22T21:25:00Z
2026,11,401873075,LV,DEN,FALSE,2026-11-22T21:25:00Z
2026,11,401873076,PHI,PIT,TRUE,2026-11-22T21:25:00Z
2026,11,401873076,PIT,PHI,FALSE,2026-11-22T21:25:00Z
2026,11,401873077,MIN,SF,FALSE,2026-11-23T01:20:00Z
2026,11,401873077,SF,MIN,TRUE,2026-11-23T01:20:00Z
2026,11,401873078,CIN,WSH,FALSE,2026-11-24T01:15:00Z
2026,11,401873078,WSH,CIN,TRUE,2026-11-24T01:15:00Z
2026,12,401873079,GB,LAR,FALSE,2026-11-26T01:00:00Z
2026,12,401873079,LAR,GB,TRUE,2026-11-26T01:00:00Z
2026,12,401873081,CHI,DET,FALSE,2026-11-26T18:00:00Z
2026,12,401873081,DET,CHI,TRUE,2026-11-26T18:00:00Z
2026,12,401873080,DAL,PHI,TRUE,2026-11-26T21:30:00Z
2026,12,401873080,PHI,DAL,FALSE,2026-11-26T21:30:00Z
2026,12,401873082,BUF,KC,TRUE,2026-11-27T01:20:00Z
2026,12,401873082,KC,BUF,FALSE,2026-11-27T01:20:00Z
2026,12,401873083,DEN,PIT,FALSE,2026-11-27T20:00:00Z
2026,12,401873083,PIT,DEN,TRUE,2026-11-27T20:00:00Z
2026,12,401873084,ATL,MIN,FALSE,2026-11-29T18:00:00Z
2026,12,401873084,MIN,ATL,TRUE,2026-11-29T18:00:00Z
2026,12,401873085,BAL,HOU,FALSE,2026-11-29T18:00:00Z
2026,12,401873085,HOU,BAL,TRUE,2026-11-29T18:00:00Z
2026,12,401873086,CLE,LV,TRUE,2026-11-29T18:00:00Z
2026,12,401873086,LV,CLE,FALSE,2026-11-29T18:00:00Z
2026,12,401873087,CIN,NO,TRUE,2026-11-29T18:00:00Z
2026,12,401873087,NO,CIN,FALSE,2026-11-29T18:00:00Z
2026,12,401873088,IND,NYG,TRUE,2026-11-29T18:00:00Z
2026,12,401873088,NYG,IND,FALSE,2026-11-29T18:00:00Z
2026,12,401873089,MIA,NYJ,TRUE,2026-11-29T18:00:00Z
2026,12,401873089,NYJ,MIA,FALSE,2026-11-29T18:00:00Z
2026,12,401873090,TEN,JAX,FALSE,2026-11-29T21:05:00Z
2026,12,401873090,JAX,TEN,TRUE,2026-11-29T21:05:00Z
2026,12,401873091,SF,SEA,TRUE,2026-11-29T21:25:00Z
2026,12,401873091,SEA,SF,FALSE,2026-11-29T21:25:00Z
2026,12,401873092,ARI,WSH,TRUE,2026-11-29T21:25:00Z
2026,12,401873092,WSH,ARI,FALSE,2026-11-29T21:25:00Z
2026,12,401873093,NE,LAC,FALSE,2026-11-30T01:20:00Z
2026,12,401873093,LAC,NE,TRUE,2026-11-30T01:20:00Z
2026,12,401873094,TB,CAR,TRUE,2026-12-01T01:15:00Z
2026,12,401873094,CAR,TB,FALSE,2026-12-01T01:15:00Z
2026,13,401873096,KC,LAR,FALSE,2026-12-04T01:15:00Z
2026,13,401873096,LAR,KC,TRUE,2026-12-04T01:15:00Z
2026,13,401873095,NYG,SF,TRUE,2026-12-06T18:00:00Z
2026,13,401873095,SF,NYG,FALSE,2026-12-06T18:00:00Z
2026,13,401873097,CIN,CLE,FALSE,2026-12-06T18:00:00Z
2026,13,401873097,CLE,CIN,TRUE,2026-12-06T18:00:00Z
2026,13,401873098,ATL,DET,TRUE,2026-12-06T18:00:00Z
2026,13,401873098,DET,ATL,FALSE,2026-12-06T18:00:00Z
2026,13,401873099,GB,NO,FALSE,2026-12-06T18:00:00Z
2026,13,401873099,NO,GB,TRUE,2026-12-06T18:00:00Z
2026,13,401873100,CHI,JAX,TRUE,2026-12-06T18:00:00Z
2026,13,401873100,JAX,CHI,FALSE,2026-12-06T18:00:00Z
2026,13,401873101,LAC,TB,FALSE,2026-12-06T18:00:00Z
2026,13,401873101,TB,LAC,TRUE,2026-12-06T18:00:00Z
2026,13,401873102,TEN,WSH,TRUE,2026-12-06T18:00:00Z
2026,13,401873102,WSH,TEN,FALSE,2026-12-06T18:00:00Z
2026,13,401873103,DEN,MIA,TRUE,2026-12-06T21:05:00Z
2026,13,401873103,MIA,DEN,FALSE,2026-12-06T21:05:00Z
2026,13,401873104,PHI,ARI,FALSE,2026-12-06T21:05:00Z
2026,13,401873104,ARI,PHI,TRUE,2026-12-06T21:05:00Z
2026,13,401873105,BUF,NE,FALSE,2026-12-06T21:25:00Z
2026,13,401873105,NE,BUF,TRUE,2026-12-06T21:25:00Z
2026,13,401873106,MIN,CAR,TRUE,2026-12-06T21:25:00Z
2026,13,401873106,CAR,MIN,FALSE,2026-12-06T21:25:00Z
2026,13,401873107,PIT,HOU,TRUE,2026-12-07T01:20:00Z
2026,13,401873107,HOU,PIT,FALSE,2026-12-07T01:20:00Z
2026,13,401873108,DAL,SEA,FALSE,2026-12-08T01:15:00Z
2026,13,401873108,SEA,DAL,TRUE,2026-12-08T01:15:00Z
2026,14,401873109,MIN,NE,FALSE,2026-12-11T01:15:00Z
2026,14,401873109,NE,MIN,TRUE,2026-12-11T01:15:00Z
2026,14,401873110,ATL,CLE,FALSE,2026-12-13T18:00:00Z
2026,14,401873110,CLE,ATL,TRUE,2026-12-13T18:00:00Z
2026,14,401873111,CHI,MIA,FALSE,2026-12-13T18:00:00Z
2026,14,401873111,MIA,CHI,TRUE,2026-12-13T18:00:00Z
2026,14,401873112,DEN,NYJ,FALSE,2026-12-13T18:00:00Z
2026,14,401873112,NYJ,DEN,TRUE,2026-12-13T18:00:00Z
2026,14,401873113,WSH,HOU,TRUE,2026-12-13T18:00:00Z
2026,14,401873113,HOU,WSH,FALSE,2026-12-13T18:00:00Z
2026,14,401873114,IND,PHI,FALSE,2026-12-13T18:00:00Z
2026,14,401873114,PHI,IND,TRUE,2026-12-13T18:00:00Z
2026,14,401873115,NO,CAR,FALSE,2026-12-13T18:00:00Z
2026,14,401873115,CAR,NO,TRUE,2026-12-13T18:00:00Z
2026,14,401873116,TB,BAL,FALSE,2026-12-13T18:00:00Z
2026,14,401873116,BAL,TB,TRUE,2026-12-13T18:00:00Z
2026,14,401873117,DET,TEN,TRUE,2026-12-13T18:00:00Z
2026,14,401873117,TEN,DET,FALSE,2026-12-13T18:00:00Z
2026,14,401873118,LV,LAC,TRUE,2026-12-13T21:05:00Z
2026,14,401873118,LAC,LV,FALSE,2026-12-13T21:05:00Z
2026,14,401873119,CIN,KC,TRUE,2026-12-13T21:25:00Z
2026,14,401873119,KC,CIN,FALSE,2026-12-13T21:25:00Z
2026,14,401873120,LAR,SF,FALSE,2026-12-13T21:25:00Z
2026,14,401873120,SF,LAR,TRUE,2026-12-13T21:25:00Z
2026,14,401873121,NYG,SEA,FALSE,2026-12-13T21:25:00Z
2026,14,401873121,SEA,NYG,TRUE,2026-12-13T21:25:00Z
2026,14,401873122,BUF,GB,FALSE,2026-12-14T01:20:00Z
2026,14,401873122,GB,BUF,TRUE,2026-12-14T01:20:00Z
2026,14,401873123,PIT,JAX,FALSE,2026-12-15T01:15:00Z
2026,14,401873123,JAX,PIT,TRUE,2026-12-15T01:15:00Z
2026,15,401873124,LAC,SF,TRUE,2026-12-18T01:15:00Z
2026,15,401873124,SF,LAC,FALSE,2026-12-18T01:15:00Z
2026,15,401873125,PHI,SEA,TRUE,2026-12-19T22:00:00Z
2026,15,401873125,SEA,PHI,FALSE,2026-12-19T22:00:00Z
2026,15,401873126,BUF,CHI,TRUE,2026-12-20T01:20:00Z
2026,15,401873126,CHI,BUF,FALSE,2026-12-20T01:20:00Z
2026,15,401873127,ATL,WSH,FALSE,2026-12-20T18:00:00Z
2026,15,401873127,WSH,ATL,TRUE,2026-12-20T18:00:00Z
2026,15,401873128,PIT,BAL,TRUE,2026-12-20T18:00:00Z
2026,15,401873128,BAL,PIT,FALSE,2026-12-20T18:00:00Z
2026,15,401873129,CIN,CAR,FALSE,2026-12-20T18:00:00Z
2026,15,401873129,CAR,CIN,TRUE,2026-12-20T18:00:00Z
2026,15,401873130,CLE,NYG,FALSE,2026-12-20T18:00:00Z
2026,15,401873130,NYG,CLE,TRUE,2026-12-20T18:00:00Z
2026,15,401873131,TEN,IND,TRUE,2026-12-20T18:00:00Z
2026,15,401873131,IND,TEN,FALSE,2026-12-20T18:00:00Z
2026,15,401873132,JAX,HOU,FALSE,2026-12-20T18:00:00Z
2026,15,401873132,HOU,JAX,TRUE,2026-12-20T18:00:00Z
2026,15,401873133,GB,MIA,TRUE,2026-12-20T18:00:00Z
2026,15,401873133,MIA,GB,FALSE,2026-12-20T18:00:00Z
2026,15,401873134,NO,TB,FALSE,2026-12-20T18:00:00Z
2026,15,401873134,TB,NO,TRUE,2026-12-20T18:00:00Z
2026,15,401873135,NYJ,ARI,FALSE,2026-12-20T21:05:00Z
2026,15,401873135,ARI,NYJ,TRUE,2026-12-20T21:05:00Z
2026,15,401873136,DAL,LAR,FALSE,2026-12-20T21:25:00Z
2026,15,401873136,LAR,DAL,TRUE,2026-12-20T21:25:00Z
2026,15,401873137,DEN,LV,FALSE,2026-12-20T21:25:00Z
2026,15,401873137,LV,DEN,TRUE,2026-12-20T21:25:00Z
2026,15,401873138,DET,MIN,FALSE,2026-12-21T01:20:00Z
2026,15,401873138,MIN,DET,TRUE,2026-12-21T01:20:00Z
2026,15,401873139,KC,NE,TRUE,2026-12-22T01:15:00Z
2026,15,401873139,NE,KC,FALSE,2026-12-22T01:15:00Z
2026,16,401873140,PHI,HOU,TRUE,2026-12-25T01:15:00Z
2026,16,401873140,HOU,PHI,FALSE,2026-12-25T01:15:00Z
2026,16,401873141,CHI,GB,TRUE,2026-12-25T18:00:00Z
2026,16,401873141,GB,CHI,FALSE,2026-12-25T18:00:00Z
2026,16,401873142,BUF,DEN,FALSE,2026-12-25T21:30:00Z
2026,16,401873142,DEN,BUF,TRUE,2026-12-25T21:30:00Z
2026,16,401873143,LAR,SEA,FALSE,2026-12-26T01:15:00Z
2026,16,401873143,SEA,LAR,TRUE,2026-12-26T01:15:00Z
2026,16,401873144,PIT,CAR,TRUE,2026-12-27T08:01:00Z
2026,16,401873144,CAR,PIT,FALSE,2026-12-27T08:01:00Z
2026,16,401873145,CIN,IND,FALSE,2026-12-27T08:01:00Z
2026,16,401873145,IND,CIN,TRUE,2026-12-27T08:01:00Z
2026,16,401873146,ATL,TB,TRUE,2026-12-27T08:01:00Z
2026,16,401873146,TB,ATL,FALSE,2026-12-27T08:01:00Z
2026,16,401873147,MIN,WSH,TRUE,2026-12-27T08:01:00Z
2026,16,401873147,WSH,MIN,FALSE,2026-12-27T08:01:00Z
2026,16,401873148,NO,ARI,TRUE,2026-12-27T18:00:00Z
2026,16,401873148,ARI,NO,FALSE,2026-12-27T18:00:00Z
2026,16,401873149,CLE,BAL,FALSE,2026-12-27T18:00:00Z
2026,16,401873149,BAL,CLE,TRUE,2026-12-27T18:00:00Z
2026,16,401873150,MIA,LAC,TRUE,2026-12-27T18:00:00Z
2026,16,401873150,LAC,MIA,FALSE,2026-12-27T18:00:00Z
2026,16,401873151,NE,NYJ,FALSE,2026-12-27T18:00:00Z
2026,16,401873151,NYJ,NE,TRUE,2026-12-27T18:00:00Z
2026,16,401873152,TEN,LV,FALSE,2026-12-27T21:05:00Z
2026,16,401873152,LV,TEN,TRUE,2026-12-27T21:05:00Z
2026,16,401873153,KC,SF,TRUE,2026-12-27T21:25:00Z
2026,16,401873153,SF,KC,FALSE,2026-12-27T21:25:00Z
2026,16,401873154,DAL,JAX,TRUE,2026-12-28T01:20:00Z
2026,16,401873154,JAX,DAL,FALSE,2026-12-28T01:20:00Z
2026,16,401873155,DET,NYG,TRUE,2026-12-29T01:15:00Z
2026,16,401873155,NYG,DET,FALSE,2026-12-29T01:15:00Z
2026,17,401873156,CIN,BAL,TRUE,2027-01-01T01:15:00Z
2026,17,401873156,BAL,CIN,FALSE,2027-01-01T01:15:00Z
2026,17,401873157,DEN,NE,FALSE,2027-01-03T08:01:00Z
2026,17,401873157,NE,DEN,TRUE,2027-01-03T08:01:00Z
2026,17,401873158,KC,LAC,FALSE,2027-01-03T08:01:00Z
2026,17,401873158,LAC,KC,TRUE,2027-01-03T08:01:00Z
2026,17,401873159,LAR,TB,FALSE,2027-01-03T08:01:00Z
2026,17,401873159,TB,LAR,TRUE,2027-01-03T08:01:00Z
2026,17,401873160,WSH,JAX,FALSE,2027-01-03T08:01:00Z
2026,17,401873160,JAX,WSH,TRUE,2027-01-03T08:01:00Z
2026,17,401873161,BUF,MIA,FALSE,2027-01-03T18:00:00Z
2026,17,401873161,MIA,BUF,TRUE,2027-01-03T18:00:00Z
2026,17,401873162,CLE,IND,TRUE,2027-01-03T18:00:00Z
2026,17,401873162,IND,CLE,FALSE,2027-01-03T18:00:00Z
2026,17,401873163,MIN,NYJ,FALSE,2027-01-03T18:00:00Z
2026,17,401873163,NYJ,MIN,TRUE,2027-01-03T18:00:00Z
2026,17,401873164,ATL,NO,TRUE,2027-01-03T18:00:00Z
2026,17,401873164,NO,ATL,FALSE,2027-01-03T18:00:00Z
2026,17,401873165,DAL,NYG,TRUE,2027-01-03T18:00:00Z
2026,17,401873165,NYG,DAL,FALSE,2027-01-03T18:00:00Z
2026,17,401873166,TEN,PIT,TRUE,2027-01-03T18:00:00Z
2026,17,401873166,PIT,TEN,FALSE,2027-01-03T18:00:00Z
2026,17,401873167,SEA,CAR,FALSE,2027-01-03T18:00:00Z
2026,17,401873167,CAR,SEA,TRUE,2027-01-03T18:00:00Z
2026,17,401873168,LV,ARI,FALSE,2027-01-03T21:05:00Z
2026,17,401873168,ARI,LV,TRUE,2027-01-03T21:05:00Z
2026,17,401873169,CHI,DET,TRUE,2027-01-03T21:25:00Z
2026,17,401873169,DET,CHI,FALSE,2027-01-03T21:25:00Z
2026,17,401873170,PHI,SF,FALSE,2027-01-04T01:20:00Z
2026,17,401873170,SF,PHI,TRUE,2027-01-04T01:20:00Z
2026,17,401873171,GB,HOU,TRUE,2027-01-05T01:15:00Z
2026,17,401873171,HOU,GB,FALSE,2027-01-05T01:15:00Z
2026,18,401873172,ATL,CAR,FALSE,2027-01-10T08:01:00Z
2026,18,401873172,CAR,ATL,TRUE,2027-01-10T08:01:00Z
2026,18,401873173,CHI,MIN,FALSE,2027-01-10T08:01:00Z
2026,18,401873173,MIN,CHI,TRUE,2027-01-10T08:01:00Z
2026,18,401873174,CIN,CLE,TRUE,2027-01-10T08:01:00Z
2026,18,401873174,CLE,CIN,FALSE,2027-01-10T08:01:00Z
2026,18,401873175,DAL,WSH,FALSE,2027-01-10T08:01:00Z
2026,18,401873175,WSH,DAL,TRUE,2027-01-10T08:01:00Z
2026,18,401873176,DET,GB,FALSE,2027-01-10T08:01:00Z
2026,18,401873176,GB,DET,TRUE,2027-01-10T08:01:00Z
2026,18,401873177,IND,JAX,TRUE,2027-01-10T08:01:00Z
2026,18,401873177,JAX,IND,FALSE,2027-01-10T08:01:00Z
2026,18,401873178,KC,LV,TRUE,2027-01-10T08:01:00Z
2026,18,401873178,LV,KC,FALSE,2027-01-10T08:01:00Z
2026,18,401873179,DEN,LAC,TRUE,2027-01-10T08:01:00Z
2026,18,401873179,LAC,DEN,FALSE,2027-01-10T08:01:00Z
2026,18,401873180,MIA,NE,FALSE,2027-01-10T08:01:00Z
2026,18,401873180,NE,MIA,TRUE,2027-01-10T08:01:00Z
2026,18,401873181,BUF,NYJ,TRUE,2027-01-10T08:01:00Z
2026,18,401873181,NYJ,BUF,FALSE,2027-01-10T08:01:00Z
2026,18,401873182,NYG,PHI,TRUE,2027-01-10T08:01:00Z
2026,18,401873182,PHI,NYG,FALSE,2027-01-10T08:01:00Z
2026,18,401873183,PIT,BAL,FALSE,2027-01-10T08:01:00Z
2026,18,401873183,BAL,PIT,TRUE,2027-01-10T08:01:00Z
2026,18,401873184,ARI,SF,TRUE,2027-01-10T08:01:00Z
2026,18,401873184,SF,ARI,FALSE,2027-01-10T08:01:00Z
2026,18,401873185,LAR,SEA,TRUE,2027-01-10T08:01:00Z
2026,18,401873185,SEA,LAR,FALSE,2027-01-10T08:01:00Z
2026,18,401873186,NO,TB,TRUE,2027-01-10T08:01:00Z
2026,18,401873186,TB,NO,FALSE,2027-01-10T08:01:00Z
2026,18,401873187,TEN,HOU,FALSE,2027-01-10T08:01:00Z
2026,18,401873187,HOU,TEN,TRUE,2027-01-10T08:01:00Z
