seasonId,scoringPeriodId,matchupId,proTeam,opponent,isHome,date
2024,1,401671789,KC,Bal,TRUE,2024-09-06T00:20:00Z
2024,1,401671789,Bal,KC,FALSE,2024-09-06T00:20:00Z
2024,1,401671805,GB,Phi,FALSE,2024-09-07T00:15:00Z
2024,1,401671805,Phi,GB,TRUE,2024-09-07T00:15:00Z
2024,1,401671617,Buf,Ari,TRUE,2024-09-08T17:00:00Z
2024,1,401671617,Ari,Buf,FALSE,2024-09-08T17:00:00Z
2024,1,401671628,Cin,NE,TRUE,2024-09-08T17:00:00Z
2024,1,401671628,NE,Cin,FALSE,2024-09-08T17:00:00Z
2024,1,401671712,Min,NYG,FALSE,2024-09-08T17:00:00Z
2024,1,401671712,NYG,Min,TRUE,2024-09-08T17:00:00Z
2024,1,401671719,Chi,Ten,TRUE,2024-09-08T17:00:00Z
2024,1,401671719,Ten,Chi,FALSE,2024-09-08T17:00:00Z
2024,1,401671734,NO,Car,TRUE,2024-09-08T17:00:00Z
2024,1,401671734,Car,NO,FALSE,2024-09-08T17:00:00Z
2024,1,401671744,Atl,Pit,TRUE,2024-09-08T17:00:00Z
2024,1,401671744,Pit,Atl,FALSE,2024-09-08T17:00:00Z
2024,1,401671849,Mia,Jax,TRUE,2024-09-08T17:00:00Z
2024,1,401671849,Jax,Mia,FALSE,2024-09-08T17:00:00Z
2024,1,401671861,Ind,Hou,TRUE,2024-09-08T17:00:00Z
2024,1,401671861,Hou,Ind,FALSE,2024-09-08T17:00:00Z
2024,1,401671659,LV,LAC,FALSE,2024-09-08T20:05:00Z
2024,1,401671659,LAC,LV,TRUE,2024-09-08T20:05:00Z
2024,1,401671664,Den,Sea,FALSE,2024-09-08T20:05:00Z
2024,1,401671664,Sea,Den,TRUE,2024-09-08T20:05:00Z
2024,1,401671761,Cle,Dal,TRUE,2024-09-08T20:25:00Z
2024,1,401671761,Dal,Cle,FALSE,2024-09-08T20:25:00Z
2024,1,401671770,TB,Wsh,TRUE,2024-09-08T20:25:00Z
2024,1,401671770,Wsh,TB,FALSE,2024-09-08T20:25:00Z
2024,1,401671792,Det,LAR,TRUE,2024-09-09T00:20:00Z
2024,1,401671792,LAR,Det,FALSE,2024-09-09T00:20:00Z
2024,1,401671696,NYJ,SF,FALSE,2024-09-10T00:20:00Z
2024,1,401671696,SF,NYJ,TRUE,2024-09-10T00:20:00Z
2024,2,401671807,Buf,Mia,FALSE,2024-09-13T00:15:00Z
2024,2,401671807,Mia,Buf,TRUE,2024-09-13T00:15:00Z
2024,2,401671624,LV,Bal,FALSE,2024-09-15T17:00:00Z
2024,2,401671624,Bal,LV,TRUE,2024-09-15T17:00:00Z
2024,2,401671635,Cle,Jax,FALSE,2024-09-15T17:00:00Z
2024,2,401671635,Jax,Cle,TRUE,2024-09-15T17:00:00Z
2024,2,401671636,Ten,NYJ,TRUE,2024-09-15T17:00:00Z
2024,2,401671636,NYJ,Ten,FALSE,2024-09-15T17:00:00Z
2024,2,401671645,Min,SF,TRUE,2024-09-15T17:00:00Z
2024,2,401671645,SF,Min,FALSE,2024-09-15T17:00:00Z
2024,2,401671652,LAC,Car,FALSE,2024-09-15T17:00:00Z
2024,2,401671652,Car,LAC,TRUE,2024-09-15T17:00:00Z
2024,2,401671702,NE,Sea,TRUE,2024-09-15T17:00:00Z
2024,2,401671702,Sea,NE,FALSE,2024-09-15T17:00:00Z
2024,2,401671709,Dal,NO,TRUE,2024-09-15T17:00:00Z
2024,2,401671709,NO,Dal,FALSE,2024-09-15T17:00:00Z
2024,2,401671716,NYG,Wsh,FALSE,2024-09-15T17:00:00Z
2024,2,401671716,Wsh,NYG,TRUE,2024-09-15T17:00:00Z
2024,2,401671721,Det,TB,TRUE,2024-09-15T17:00:00Z
2024,2,401671721,TB,Det,FALSE,2024-09-15T17:00:00Z
2024,2,401671723,GB,Ind,TRUE,2024-09-15T17:00:00Z
2024,2,401671723,Ind,GB,FALSE,2024-09-15T17:00:00Z
2024,2,401671754,LAR,Ari,FALSE,2024-09-15T20:05:00Z
2024,2,401671754,Ari,LAR,TRUE,2024-09-15T20:05:00Z
2024,2,401671668,Den,Pit,TRUE,2024-09-15T20:25:00Z
2024,2,401671668,Pit,Den,FALSE,2024-09-15T20:25:00Z
2024,2,401671670,Cin,KC,FALSE,2024-09-15T20:25:00Z
2024,2,401671670,KC,Cin,TRUE,2024-09-15T20:25:00Z
2024,2,401671786,Chi,Hou,FALSE,2024-09-16T00:20:00Z
2024,2,401671786,Hou,Chi,TRUE,2024-09-16T00:20:00Z
2024,2,401671691,Atl,Phi,FALSE,2024-09-17T00:15:00Z
2024,2,401671691,Phi,Atl,TRUE,2024-09-17T00:15:00Z
2024,3,401671808,NE,NYJ,FALSE,2024-09-20T00:15:00Z
2024,3,401671808,NYJ,NE,TRUE,2024-09-20T00:15:00Z
2024,3,401671632,Pit,LAC,TRUE,2024-09-22T17:00:00Z
2024,3,401671632,LAC,Pit,FALSE,2024-09-22T17:00:00Z
2024,3,401671646,Min,Hou,TRUE,2024-09-22T17:00:00Z
2024,3,401671646,Hou,Min,FALSE,2024-09-22T17:00:00Z
2024,3,401671736,NO,Phi,TRUE,2024-09-22T17:00:00Z
2024,3,401671736,Phi,NO,FALSE,2024-09-22T17:00:00Z
2024,3,401671741,Den,TB,FALSE,2024-09-22T17:00:00Z
2024,3,401671741,TB,Den,TRUE,2024-09-22T17:00:00Z
2024,3,401671823,GB,Ten,FALSE,2024-09-22T17:00:00Z
2024,3,401671823,Ten,GB,TRUE,2024-09-22T17:00:00Z
2024,3,401671855,Cle,NYG,TRUE,2024-09-22T17:00:00Z
2024,3,401671855,NYG,Cle,FALSE,2024-09-22T17:00:00Z
2024,3,401671865,Chi,Ind,FALSE,2024-09-22T17:00:00Z
2024,3,401671865,Ind,Chi,TRUE,2024-09-22T17:00:00Z
2024,3,401671658,LV,Car,TRUE,2024-09-22T20:05:00Z
2024,3,401671658,Car,LV,FALSE,2024-09-22T20:05:00Z
2024,3,401671662,Mia,Sea,FALSE,2024-09-22T20:05:00Z
2024,3,401671662,Sea,Mia,TRUE,2024-09-22T20:05:00Z
2024,3,401671763,Dal,Bal,TRUE,2024-09-22T20:25:00Z
2024,3,401671763,Bal,Dal,FALSE,2024-09-22T20:25:00Z
2024,3,401671771,Det,Ari,FALSE,2024-09-22T20:25:00Z
2024,3,401671771,Ari,Det,TRUE,2024-09-22T20:25:00Z
2024,3,401671772,LAR,SF,TRUE,2024-09-22T20:25:00Z
2024,3,401671772,SF,LAR,FALSE,2024-09-22T20:25:00Z
2024,3,401671793,Atl,KC,TRUE,2024-09-23T00:20:00Z
2024,3,401671793,KC,Atl,FALSE,2024-09-23T00:20:00Z
2024,3,401671682,Buf,Jax,TRUE,2024-09-23T23:30:00Z
2024,3,401671682,Jax,Buf,FALSE,2024-09-23T23:30:00Z
2024,3,401671490,Cin,Wsh,TRUE,2024-09-24T00:15:00Z
2024,3,401671490,Wsh,Cin,FALSE,2024-09-24T00:15:00Z
2024,4,401671812,Dal,NYG,FALSE,2024-09-27T00:15:00Z
2024,4,401671812,NYG,Dal,TRUE,2024-09-27T00:15:00Z
2024,4,401671622,Den,NYJ,FALSE,2024-09-29T17:00:00Z
2024,4,401671622,NYJ,Den,TRUE,2024-09-29T17:00:00Z
2024,4,401671643,GB,Min,TRUE,2024-09-29T17:00:00Z
2024,4,401671643,Min,GB,FALSE,2024-09-29T17:00:00Z
2024,4,401671727,Atl,NO,TRUE,2024-09-29T17:00:00Z
2024,4,401671727,NO,Atl,FALSE,2024-09-29T17:00:00Z
2024,4,401671740,Phi,TB,FALSE,2024-09-29T17:00:00Z
2024,4,401671740,TB,Phi,TRUE,2024-09-29T17:00:00Z
2024,4,401671745,Cin,Car,FALSE,2024-09-29T17:00:00Z
2024,4,401671745,Car,Cin,TRUE,2024-09-29T17:00:00Z
2024,4,401671857,Jax,Hou,FALSE,2024-09-29T17:00:00Z
2024,4,401671857,Hou,Jax,TRUE,2024-09-29T17:00:00Z
2024,4,401671867,Ind,Pit,TRUE,2024-09-29T17:00:00Z
2024,4,401671867,Pit,Ind,FALSE,2024-09-29T17:00:00Z
2024,4,401671871,Chi,LAR,TRUE,2024-09-29T17:00:00Z
2024,4,401671871,LAR,Chi,FALSE,2024-09-29T17:00:00Z
2024,4,401671755,Ari,Wsh,TRUE,2024-09-29T20:05:00Z
2024,4,401671755,Wsh,Ari,FALSE,2024-09-29T20:05:00Z
2024,4,401671758,NE,SF,FALSE,2024-09-29T20:05:00Z
2024,4,401671758,SF,NE,TRUE,2024-09-29T20:05:00Z
2024,4,401671672,Cle,LV,FALSE,2024-09-29T20:25:00Z
2024,4,401671672,LV,Cle,TRUE,2024-09-29T20:25:00Z
2024,4,401671674,KC,LAC,FALSE,2024-09-29T20:25:00Z
2024,4,401671674,LAC,KC,TRUE,2024-09-29T20:25:00Z
2024,4,401671783,Buf,Bal,FALSE,2024-09-30T00:20:00Z
2024,4,401671783,Bal,Buf,TRUE,2024-09-30T00:20:00Z
2024,4,401671683,Ten,Mia,FALSE,2024-09-30T23:30:00Z
2024,4,401671683,Mia,Ten,TRUE,2024-09-30T23:30:00Z
2024,4,401671491,Det,Sea,TRUE,2024-10-01T00:15:00Z
2024,4,401671491,Sea,Det,FALSE,2024-10-01T00:15:00Z
2024,5,401671815,Atl,TB,TRUE,2024-10-04T00:15:00Z
2024,5,401671815,TB,Atl,FALSE,2024-10-04T00:15:00Z
2024,5,401671804,Min,NYJ,TRUE,2024-10-06T13:30:00Z
2024,5,401671804,NYJ,Min,FALSE,2024-10-06T13:30:00Z
2024,5,401671626,Cin,Bal,TRUE,2024-10-06T17:00:00Z
2024,5,401671626,Bal,Cin,FALSE,2024-10-06T17:00:00Z
2024,5,401671633,Ind,Jax,FALSE,2024-10-06T17:00:00Z
2024,5,401671633,Jax,Ind,TRUE,2024-10-06T17:00:00Z
2024,5,401671700,Mia,NE,FALSE,2024-10-06T17:00:00Z
2024,5,401671700,NE,Mia,TRUE,2024-10-06T17:00:00Z
2024,5,401671718,Cle,Wsh,FALSE,2024-10-06T17:00:00Z
2024,5,401671718,Wsh,Cle,TRUE,2024-10-06T17:00:00Z
2024,5,401671859,Buf,Hou,FALSE,2024-10-06T17:00:00Z
2024,5,401671859,Hou,Buf,TRUE,2024-10-06T17:00:00Z
2024,5,401671872,Chi,Car,TRUE,2024-10-06T17:00:00Z
2024,5,401671872,Car,Chi,FALSE,2024-10-06T17:00:00Z
2024,5,401671747,Den,LV,TRUE,2024-10-06T20:05:00Z
2024,5,401671747,LV,Den,FALSE,2024-10-06T20:05:00Z
2024,5,401671756,Ari,SF,FALSE,2024-10-06T20:05:00Z
2024,5,401671756,SF,Ari,TRUE,2024-10-06T20:05:00Z
2024,5,401671679,GB,LAR,FALSE,2024-10-06T20:25:00Z
2024,5,401671679,LAR,GB,TRUE,2024-10-06T20:25:00Z
2024,5,401671680,NYG,Sea,FALSE,2024-10-06T20:25:00Z
2024,5,401671680,Sea,NYG,TRUE,2024-10-06T20:25:00Z
2024,5,401671784,Dal,Pit,FALSE,2024-10-07T00:20:00Z
2024,5,401671784,Pit,Dal,TRUE,2024-10-07T00:20:00Z
2024,5,401671687,KC,NO,TRUE,2024-10-08T00:15:00Z
2024,5,401671687,NO,KC,FALSE,2024-10-08T00:15:00Z
2024,6,401671819,SF,Sea,FALSE,2024-10-11T00:15:00Z
2024,6,401671819,Sea,SF,TRUE,2024-10-11T00:15:00Z
2024,6,401671802,Chi,Jax,TRUE,2024-10-13T13:30:00Z
2024,6,401671802,Jax,Chi,FALSE,2024-10-13T13:30:00Z
2024,6,401671619,NE,Hou,TRUE,2024-10-13T17:00:00Z
2024,6,401671619,Hou,NE,FALSE,2024-10-13T17:00:00Z
2024,6,401671625,Wsh,Bal,FALSE,2024-10-13T17:00:00Z
2024,6,401671625,Bal,Wsh,TRUE,2024-10-13T17:00:00Z
2024,6,401671714,Cle,Phi,FALSE,2024-10-13T17:00:00Z
2024,6,401671714,Phi,Cle,TRUE,2024-10-13T17:00:00Z
2024,6,401671722,GB,Ari,TRUE,2024-10-13T17:00:00Z
2024,6,401671722,Ari,GB,FALSE,2024-10-13T17:00:00Z
2024,6,401671735,NO,TB,TRUE,2024-10-13T17:00:00Z
2024,6,401671735,TB,NO,FALSE,2024-10-13T17:00:00Z
2024,6,401671820,Ten,Ind,TRUE,2024-10-13T17:00:00Z
2024,6,401671820,Ind,Ten,FALSE,2024-10-13T17:00:00Z
2024,6,401671655,Den,LAC,TRUE,2024-10-13T20:05:00Z
2024,6,401671655,LAC,Den,FALSE,2024-10-13T20:05:00Z
2024,6,401671657,LV,Pit,TRUE,2024-10-13T20:05:00Z
2024,6,401671657,Pit,LV,FALSE,2024-10-13T20:05:00Z
2024,6,401671764,Dal,Det,TRUE,2024-10-13T20:25:00Z
2024,6,401671764,Det,Dal,FALSE,2024-10-13T20:25:00Z
2024,6,401671769,Atl,Car,FALSE,2024-10-13T20:25:00Z
2024,6,401671769,Car,Atl,TRUE,2024-10-13T20:25:00Z
2024,6,401671791,Cin,NYG,FALSE,2024-10-14T00:20:00Z
2024,6,401671791,NYG,Cin,TRUE,2024-10-14T00:20:00Z
2024,6,401671684,Buf,NYJ,FALSE,2024-10-15T00:15:00Z
2024,6,401671684,NYJ,Buf,TRUE,2024-10-15T00:15:00Z
2024,7,401671816,Den,NO,FALSE,2024-10-18T00:15:00Z
2024,7,401671816,NO,Den,TRUE,2024-10-18T00:15:00Z
2024,7,401671801,NE,Jax,FALSE,2024-10-20T13:30:00Z
2024,7,401671801,Jax,NE,TRUE,2024-10-20T13:30:00Z
2024,7,401671616,Buf,Ten,TRUE,2024-10-20T17:00:00Z
2024,7,401671616,Ten,Buf,FALSE,2024-10-20T17:00:00Z
2024,7,401671644,GB,Hou,TRUE,2024-10-20T17:00:00Z
2024,7,401671644,Hou,GB,FALSE,2024-10-20T17:00:00Z
2024,7,401671710,NYG,Phi,TRUE,2024-10-20T17:00:00Z
2024,7,401671710,Phi,NYG,FALSE,2024-10-20T17:00:00Z
2024,7,401671724,Det,Min,FALSE,2024-10-20T17:00:00Z
2024,7,401671724,Min,Det,TRUE,2024-10-20T17:00:00Z
2024,7,401671730,Atl,Sea,TRUE,2024-10-20T17:00:00Z
2024,7,401671730,Sea,Atl,FALSE,2024-10-20T17:00:00Z
2024,7,401671853,Cin,Cle,FALSE,2024-10-20T17:00:00Z
2024,7,401671853,Cle,Cin,TRUE,2024-10-20T17:00:00Z
2024,7,401671864,Ind,Mia,TRUE,2024-10-20T17:00:00Z
2024,7,401671864,Mia,Ind,FALSE,2024-10-20T17:00:00Z
2024,7,401671640,Wsh,Car,TRUE,2024-10-20T20:05:00Z
2024,7,401671640,Car,Wsh,FALSE,2024-10-20T20:05:00Z
2024,7,401671663,LV,LAR,FALSE,2024-10-20T20:05:00Z
2024,7,401671663,LAR,LV,TRUE,2024-10-20T20:05:00Z
2024,7,401671777,KC,SF,FALSE,2024-10-20T20:25:00Z
2024,7,401671777,SF,KC,TRUE,2024-10-20T20:25:00Z
2024,7,401671785,NYJ,Pit,FALSE,2024-10-21T00:20:00Z
2024,7,401671785,Pit,NYJ,TRUE,2024-10-21T00:20:00Z
2024,7,401671695,TB,Bal,TRUE,2024-10-22T00:15:00Z
2024,7,401671695,Bal,TB,FALSE,2024-10-22T00:15:00Z
2024,7,401671699,Ari,LAC,TRUE,2024-10-22T01:00:00Z
2024,7,401671699,LAC,Ari,FALSE,2024-10-22T01:00:00Z
2024,8,401671817,LAR,Min,TRUE,2024-10-25T00:15:00Z
2024,8,401671817,Min,LAR,FALSE,2024-10-25T00:15:00Z
2024,8,401671599,Chi,Wsh,FALSE,2024-10-27T17:00:00Z
2024,8,401671599,Wsh,Chi,TRUE,2024-10-27T17:00:00Z
2024,8,401671618,NE,NYJ,TRUE,2024-10-27T17:00:00Z
2024,8,401671618,NYJ,NE,FALSE,2024-10-27T17:00:00Z
2024,8,401671707,GB,Jax,FALSE,2024-10-27T17:00:00Z
2024,8,401671707,Jax,GB,TRUE,2024-10-27T17:00:00Z
2024,8,401671720,Det,Ten,TRUE,2024-10-27T17:00:00Z
2024,8,401671720,Ten,Det,FALSE,2024-10-27T17:00:00Z
2024,8,401671739,Atl,TB,FALSE,2024-10-27T17:00:00Z
2024,8,401671739,TB,Atl,TRUE,2024-10-27T17:00:00Z
2024,8,401671850,Mia,Ari,TRUE,2024-10-27T17:00:00Z
2024,8,401671850,Ari,Mia,FALSE,2024-10-27T17:00:00Z
2024,8,401671852,Cle,Bal,TRUE,2024-10-27T17:00:00Z
2024,8,401671852,Bal,Cle,FALSE,2024-10-27T17:00:00Z
2024,8,401671856,Ind,Hou,FALSE,2024-10-27T17:00:00Z
2024,8,401671856,Hou,Ind,TRUE,2024-10-27T17:00:00Z
2024,8,401671750,NO,LAC,FALSE,2024-10-27T20:05:00Z
2024,8,401671750,LAC,NO,TRUE,2024-10-27T20:05:00Z
2024,8,401671760,Buf,Sea,FALSE,2024-10-27T20:05:00Z
2024,8,401671760,Sea,Buf,TRUE,2024-10-27T20:05:00Z
2024,8,401671600,Den,Car,TRUE,2024-10-27T20:25:00Z
2024,8,401671600,Car,Den,FALSE,2024-10-27T20:25:00Z
2024,8,401671667,Cin,Phi,TRUE,2024-10-27T20:25:00Z
2024,8,401671667,Phi,Cin,FALSE,2024-10-27T20:25:00Z
2024,8,401671671,KC,LV,FALSE,2024-10-27T20:25:00Z
2024,8,401671671,LV,KC,TRUE,2024-10-27T20:25:00Z
2024,8,401671795,Dal,SF,FALSE,2024-10-28T00:20:00Z
2024,8,401671795,SF,Dal,TRUE,2024-10-28T00:20:00Z
2024,8,401671685,NYG,Pit,FALSE,2024-10-29T00:15:00Z
2024,8,401671685,Pit,NYG,TRUE,2024-10-29T00:15:00Z
2024,9,401671809,NYJ,Hou,TRUE,2024-11-01T00:15:00Z
2024,9,401671809,Hou,NYJ,FALSE,2024-11-01T00:15:00Z
2024,9,401671493,Buf,Mia,TRUE,2024-11-03T18:00:00Z
2024,9,401671493,Mia,Buf,FALSE,2024-11-03T18:00:00Z
2024,9,401671623,Den,Bal,FALSE,2024-11-03T18:00:00Z
2024,9,401671623,Bal,Den,TRUE,2024-11-03T18:00:00Z
2024,9,401671629,Cle,LAC,TRUE,2024-11-03T18:00:00Z
2024,9,401671629,LAC,Cle,FALSE,2024-11-03T18:00:00Z
2024,9,401671647,Ind,Min,FALSE,2024-11-03T18:00:00Z
2024,9,401671647,Min,Ind,TRUE,2024-11-03T18:00:00Z
2024,9,401671650,NO,Car,FALSE,2024-11-03T18:00:00Z
2024,9,401671650,Car,NO,TRUE,2024-11-03T18:00:00Z
2024,9,401671704,Cin,LV,TRUE,2024-11-03T18:00:00Z
2024,9,401671704,LV,Cin,FALSE,2024-11-03T18:00:00Z
2024,9,401671711,NYG,Wsh,TRUE,2024-11-03T18:00:00Z
2024,9,401671711,Wsh,NYG,FALSE,2024-11-03T18:00:00Z
2024,9,401671728,Atl,Dal,TRUE,2024-11-03T18:00:00Z
2024,9,401671728,Dal,Atl,FALSE,2024-11-03T18:00:00Z
2024,9,401671822,Ten,NE,TRUE,2024-11-03T18:00:00Z
2024,9,401671822,NE,Ten,FALSE,2024-11-03T18:00:00Z
2024,9,401671661,Chi,Ari,FALSE,2024-11-03T21:05:00Z
2024,9,401671661,Ari,Chi,TRUE,2024-11-03T21:05:00Z
2024,9,401671767,Det,GB,FALSE,2024-11-03T21:25:00Z
2024,9,401671767,GB,Det,TRUE,2024-11-03T21:25:00Z
2024,9,401671776,LAR,Sea,FALSE,2024-11-03T21:25:00Z
2024,9,401671776,Sea,LAR,TRUE,2024-11-03T21:25:00Z
2024,9,401671797,Phi,Jax,TRUE,2024-11-04T01:20:00Z
2024,9,401671797,Jax,Phi,FALSE,2024-11-04T01:20:00Z
2024,9,401671688,KC,TB,TRUE,2024-11-05T01:15:00Z
2024,9,401671688,TB,KC,FALSE,2024-11-05T01:15:00Z
2024,10,401671810,Cin,Bal,FALSE,2024-11-08T01:15:00Z
2024,10,401671810,Bal,Cin,TRUE,2024-11-08T01:15:00Z
2024,10,401671803,NYG,Car,FALSE,2024-11-10T14:30:00Z
2024,10,401671803,Car,NYG,TRUE,2024-11-10T14:30:00Z
2024,10,401671637,Den,KC,FALSE,2024-11-10T18:00:00Z
2024,10,401671637,KC,Den,TRUE,2024-11-10T18:00:00Z
2024,10,401671641,Pit,Wsh,FALSE,2024-11-10T18:00:00Z
2024,10,401671641,Wsh,Pit,TRUE,2024-11-10T18:00:00Z
2024,10,401671708,Min,Jax,FALSE,2024-11-10T18:00:00Z
2024,10,401671708,Jax,Min,TRUE,2024-11-10T18:00:00Z
2024,10,401671733,Atl,NO,FALSE,2024-11-10T18:00:00Z
2024,10,401671733,NO,Atl,TRUE,2024-11-10T18:00:00Z
2024,10,401671742,SF,TB,FALSE,2024-11-10T18:00:00Z
2024,10,401671742,TB,SF,TRUE,2024-11-10T18:00:00Z
2024,10,401671863,Buf,Ind,FALSE,2024-11-10T18:00:00Z
2024,10,401671863,Ind,Buf,TRUE,2024-11-10T18:00:00Z
2024,10,401671873,Chi,NE,TRUE,2024-11-10T18:00:00Z
2024,10,401671873,NE,Chi,FALSE,2024-11-10T18:00:00Z
2024,10,401671751,Ten,LAC,FALSE,2024-11-10T21:05:00Z
2024,10,401671751,LAC,Ten,TRUE,2024-11-10T21:05:00Z
2024,10,401671676,Dal,Phi,TRUE,2024-11-10T21:25:00Z
2024,10,401671676,Phi,Dal,FALSE,2024-11-10T21:25:00Z
2024,10,401671678,NYJ,Ari,FALSE,2024-11-10T21:25:00Z
2024,10,401671678,Ari,NYJ,TRUE,2024-11-10T21:25:00Z
2024,10,401671787,Det,Hou,FALSE,2024-11-11T01:20:00Z
2024,10,401671787,Hou,Det,TRUE,2024-11-11T01:20:00Z
2024,10,401671693,LAR,Mia,TRUE,2024-11-12T01:15:00Z
2024,10,401671693,Mia,LAR,FALSE,2024-11-12T01:15:00Z
2024,11,401671813,Phi,Wsh,TRUE,2024-11-15T01:15:00Z
2024,11,401671813,Wsh,Phi,FALSE,2024-11-15T01:15:00Z
2024,11,401671630,Pit,Bal,TRUE,2024-11-17T18:00:00Z
2024,11,401671630,Bal,Pit,FALSE,2024-11-17T18:00:00Z
2024,11,401671642,Det,Jax,TRUE,2024-11-17T18:00:00Z
2024,11,401671642,Jax,Det,FALSE,2024-11-17T18:00:00Z
2024,11,401671701,LAR,NE,FALSE,2024-11-17T18:00:00Z
2024,11,401671701,NE,LAR,TRUE,2024-11-17T18:00:00Z
2024,11,401671746,Cle,NO,FALSE,2024-11-17T18:00:00Z
2024,11,401671746,NO,Cle,TRUE,2024-11-17T18:00:00Z
2024,11,401671824,Ten,Min,TRUE,2024-11-17T18:00:00Z
2024,11,401671824,Min,Ten,FALSE,2024-11-17T18:00:00Z
2024,11,401671851,LV,Mia,FALSE,2024-11-17T18:00:00Z
2024,11,401671851,Mia,LV,TRUE,2024-11-17T18:00:00Z
2024,11,401671869,Chi,GB,TRUE,2024-11-17T18:00:00Z
2024,11,401671869,GB,Chi,FALSE,2024-11-17T18:00:00Z
2024,11,401671748,Atl,Den,FALSE,2024-11-17T21:05:00Z
2024,11,401671748,Den,Atl,TRUE,2024-11-17T21:05:00Z
2024,11,401671757,SF,Sea,TRUE,2024-11-17T21:05:00Z
2024,11,401671757,Sea,SF,FALSE,2024-11-17T21:05:00Z
2024,11,401671665,Buf,KC,TRUE,2024-11-17T21:25:00Z
2024,11,401671665,KC,Buf,FALSE,2024-11-17T21:25:00Z
2024,11,401671675,Cin,LAC,FALSE,2024-11-17T21:25:00Z
2024,11,401671675,LAC,Cin,TRUE,2024-11-17T21:25:00Z
2024,11,401671782,Ind,NYJ,FALSE,2024-11-18T01:20:00Z
2024,11,401671782,NYJ,Ind,TRUE,2024-11-18T01:20:00Z
2024,11,401671694,Dal,Hou,TRUE,2024-11-19T01:15:00Z
2024,11,401671694,Hou,Dal,FALSE,2024-11-19T01:15:00Z
2024,12,401671875,Cle,Pit,TRUE,2024-11-22T01:15:00Z
2024,12,401671875,Pit,Cle,FALSE,2024-11-22T01:15:00Z
2024,12,401671638,NYG,TB,TRUE,2024-11-24T18:00:00Z
2024,12,401671638,TB,NYG,FALSE,2024-11-24T18:00:00Z
2024,12,401671651,KC,Car,FALSE,2024-11-24T18:00:00Z
2024,12,401671651,Car,KC,TRUE,2024-11-24T18:00:00Z
2024,12,401671715,Dal,Wsh,FALSE,2024-11-24T18:00:00Z
2024,12,401671715,Wsh,Dal,TRUE,2024-11-24T18:00:00Z
2024,12,401671847,Mia,NE,TRUE,2024-11-24T18:00:00Z
2024,12,401671847,NE,Mia,FALSE,2024-11-24T18:00:00Z
2024,12,401671858,Ten,Hou,FALSE,2024-11-24T18:00:00Z
2024,12,401671858,Hou,Ten,TRUE,2024-11-24T18:00:00Z
2024,12,401671866,Det,Ind,FALSE,2024-11-24T18:00:00Z
2024,12,401671866,Ind,Det,TRUE,2024-11-24T18:00:00Z
2024,12,401671870,Chi,Min,TRUE,2024-11-24T18:00:00Z
2024,12,401671870,Min,Chi,FALSE,2024-11-24T18:00:00Z
2024,12,401671656,Den,LV,FALSE,2024-11-24T21:05:00Z
2024,12,401671656,LV,Den,TRUE,2024-11-24T21:05:00Z
2024,12,401671768,GB,SF,TRUE,2024-11-24T21:25:00Z
2024,12,401671768,SF,GB,FALSE,2024-11-24T21:25:00Z
2024,12,401671775,Ari,Sea,FALSE,2024-11-24T21:25:00Z
2024,12,401671775,Sea,Ari,TRUE,2024-11-24T21:25:00Z
2024,12,401671794,LAR,Phi,TRUE,2024-11-25T01:20:00Z
2024,12,401671794,Phi,LAR,FALSE,2024-11-25T01:20:00Z
2024,12,401671689,LAC,Bal,TRUE,2024-11-26T01:15:00Z
2024,12,401671689,Bal,LAC,FALSE,2024-11-26T01:15:00Z
2024,13,401671492,Chi,Det,FALSE,2024-11-28T17:30:00Z
2024,13,401671492,Det,Chi,TRUE,2024-11-28T17:30:00Z
2024,13,401671779,Dal,NYG,TRUE,2024-11-28T21:30:00Z
2024,13,401671779,NYG,Dal,FALSE,2024-11-28T21:30:00Z
2024,13,401671798,GB,Mia,TRUE,2024-11-29T01:20:00Z
2024,13,401671798,Mia,GB,FALSE,2024-11-29T01:20:00Z
2024,13,401671806,KC,LV,TRUE,2024-11-29T20:00:00Z
2024,13,401671806,LV,KC,FALSE,2024-11-29T20:00:00Z
2024,13,401671620,Ind,NE,FALSE,2024-12-01T18:00:00Z
2024,13,401671620,NE,Ind,TRUE,2024-12-01T18:00:00Z
2024,13,401671627,Cin,Pit,TRUE,2024-12-01T18:00:00Z
2024,13,401671627,Pit,Cin,FALSE,2024-12-01T18:00:00Z
2024,13,401671649,Atl,LAC,TRUE,2024-12-01T18:00:00Z
2024,13,401671649,LAC,Atl,FALSE,2024-12-01T18:00:00Z
2024,13,401671703,NYJ,Sea,TRUE,2024-12-01T18:00:00Z
2024,13,401671703,Sea,NYJ,FALSE,2024-12-01T18:00:00Z
2024,13,401671705,Jax,Hou,TRUE,2024-12-01T18:00:00Z
2024,13,401671705,Hou,Jax,FALSE,2024-12-01T18:00:00Z
2024,13,401671726,Min,Ari,TRUE,2024-12-01T18:00:00Z
2024,13,401671726,Ari,Min,FALSE,2024-12-01T18:00:00Z
2024,13,401671743,Ten,Wsh,FALSE,2024-12-01T18:00:00Z
2024,13,401671743,Wsh,Ten,TRUE,2024-12-01T18:00:00Z
2024,13,401671752,TB,Car,FALSE,2024-12-01T21:05:00Z
2024,13,401671752,Car,TB,TRUE,2024-12-01T21:05:00Z
2024,13,401671753,LAR,NO,FALSE,2024-12-01T21:05:00Z
2024,13,401671753,NO,LAR,TRUE,2024-12-01T21:05:00Z
2024,13,401671666,Phi,Bal,FALSE,2024-12-01T21:25:00Z
2024,13,401671666,Bal,Phi,TRUE,2024-12-01T21:25:00Z
2024,13,401671781,Buf,SF,TRUE,2024-12-02T01:20:00Z
2024,13,401671781,SF,Buf,FALSE,2024-12-02T01:20:00Z
2024,13,401671686,Cle,Den,FALSE,2024-12-03T01:15:00Z
2024,13,401671686,Den,Cle,TRUE,2024-12-03T01:15:00Z
2024,14,401671814,Det,GB,TRUE,2024-12-06T01:15:00Z
2024,14,401671814,GB,Det,FALSE,2024-12-06T01:15:00Z
2024,14,401671601,NO,NYG,FALSE,2024-12-08T18:00:00Z
2024,14,401671601,NYG,NO,TRUE,2024-12-08T18:00:00Z
2024,14,401671631,Cle,Pit,FALSE,2024-12-08T18:00:00Z
2024,14,401671631,Pit,Cle,TRUE,2024-12-08T18:00:00Z
2024,14,401671648,Atl,Min,FALSE,2024-12-08T18:00:00Z
2024,14,401671648,Min,Atl,TRUE,2024-12-08T18:00:00Z
2024,14,401671654,LV,TB,FALSE,2024-12-08T18:00:00Z
2024,14,401671654,TB,LV,TRUE,2024-12-08T18:00:00Z
2024,14,401671713,Phi,Car,TRUE,2024-12-08T18:00:00Z
2024,14,401671713,Car,Phi,FALSE,2024-12-08T18:00:00Z
2024,14,401671821,Ten,Jax,TRUE,2024-12-08T18:00:00Z
2024,14,401671821,Jax,Ten,FALSE,2024-12-08T18:00:00Z
2024,14,401671848,Mia,NYJ,TRUE,2024-12-08T18:00:00Z
2024,14,401671848,NYJ,Mia,FALSE,2024-12-08T18:00:00Z
2024,14,401671660,Ari,Sea,TRUE,2024-12-08T21:05:00Z
2024,14,401671660,Sea,Ari,FALSE,2024-12-08T21:05:00Z
2024,14,401671773,Buf,LAR,FALSE,2024-12-08T21:25:00Z
2024,14,401671773,LAR,Buf,TRUE,2024-12-08T21:25:00Z
2024,14,401671774,Chi,SF,FALSE,2024-12-08T21:25:00Z
2024,14,401671774,SF,Chi,TRUE,2024-12-08T21:25:00Z
2024,14,401671788,KC,LAC,TRUE,2024-12-09T01:20:00Z
2024,14,401671788,LAC,KC,FALSE,2024-12-09T01:20:00Z
2024,14,401671690,Cin,Dal,FALSE,2024-12-10T01:15:00Z
2024,14,401671690,Dal,Cin,TRUE,2024-12-10T01:15:00Z
2024,15,401671818,LAR,SF,FALSE,2024-12-13T01:15:00Z
2024,15,401671818,SF,LAR,TRUE,2024-12-13T01:15:00Z
2024,15,401671639,NYG,Bal,TRUE,2024-12-15T18:00:00Z
2024,15,401671639,Bal,NYG,FALSE,2024-12-15T18:00:00Z
2024,15,401671706,NYJ,Jax,FALSE,2024-12-15T18:00:00Z
2024,15,401671706,Jax,NYJ,TRUE,2024-12-15T18:00:00Z
2024,15,401671731,Dal,Car,FALSE,2024-12-15T18:00:00Z
2024,15,401671731,Car,Dal,TRUE,2024-12-15T18:00:00Z
2024,15,401671737,NO,Wsh,TRUE,2024-12-15T18:00:00Z
2024,15,401671737,Wsh,NO,FALSE,2024-12-15T18:00:00Z
2024,15,401671825,Cin,Ten,FALSE,2024-12-15T18:00:00Z
2024,15,401671825,Ten,Cin,TRUE,2024-12-15T18:00:00Z
2024,15,401671854,Cle,KC,TRUE,2024-12-15T18:00:00Z
2024,15,401671854,KC,Cle,FALSE,2024-12-15T18:00:00Z
2024,15,401671860,Mia,Hou,FALSE,2024-12-15T18:00:00Z
2024,15,401671860,Hou,Mia,TRUE,2024-12-15T18:00:00Z
2024,15,401671669,Den,Ind,TRUE,2024-12-15T21:25:00Z
2024,15,401671669,Ind,Den,FALSE,2024-12-15T21:25:00Z
2024,15,401671677,NE,Ari,FALSE,2024-12-15T21:25:00Z
2024,15,401671677,Ari,NE,TRUE,2024-12-15T21:25:00Z
2024,15,401671681,Buf,Det,FALSE,2024-12-15T21:25:00Z
2024,15,401671681,Det,Buf,TRUE,2024-12-15T21:25:00Z
2024,15,401671762,LAC,TB,TRUE,2024-12-15T21:25:00Z
2024,15,401671762,TB,LAC,FALSE,2024-12-15T21:25:00Z
2024,15,401671766,Phi,Pit,TRUE,2024-12-15T21:25:00Z
2024,15,401671766,Pit,Phi,FALSE,2024-12-15T21:25:00Z
2024,15,401671796,GB,Sea,FALSE,2024-12-16T01:20:00Z
2024,15,401671796,Sea,GB,TRUE,2024-12-16T01:20:00Z
2024,15,401671489,Chi,Min,FALSE,2024-12-17T01:00:00Z
2024,15,401671489,Min,Chi,TRUE,2024-12-17T01:00:00Z
2024,15,401671697,Atl,LV,FALSE,2024-12-17T01:30:00Z
2024,15,401671697,LV,Atl,TRUE,2024-12-17T01:30:00Z
2024,16,401671811,Cin,Cle,TRUE,2024-12-20T01:15:00Z
2024,16,401671811,Cle,Cin,FALSE,2024-12-20T01:15:00Z
2024,16,401671780,KC,Hou,TRUE,2024-12-21T18:00:00Z
2024,16,401671780,Hou,KC,FALSE,2024-12-21T18:00:00Z
2024,16,401671778,Pit,Bal,FALSE,2024-12-21T21:30:00Z
2024,16,401671778,Bal,Pit,TRUE,2024-12-21T21:30:00Z
2024,16,401671494,Buf,NE,TRUE,2024-12-22T18:00:00Z
2024,16,401671494,NE,Buf,FALSE,2024-12-22T18:00:00Z
2024,16,401671621,LAR,NYJ,FALSE,2024-12-22T18:00:00Z
2024,16,401671621,NYJ,LAR,TRUE,2024-12-22T18:00:00Z
2024,16,401671717,Phi,Wsh,FALSE,2024-12-22T18:00:00Z
2024,16,401671717,Wsh,Phi,TRUE,2024-12-22T18:00:00Z
2024,16,401671729,Atl,NYG,TRUE,2024-12-22T18:00:00Z
2024,16,401671729,NYG,Atl,FALSE,2024-12-22T18:00:00Z
2024,16,401671732,Ari,Car,FALSE,2024-12-22T18:00:00Z
2024,16,401671732,Car,Ari,TRUE,2024-12-22T18:00:00Z
2024,16,401671862,Ten,Ind,FALSE,2024-12-22T18:00:00Z
2024,16,401671862,Ind,Ten,TRUE,2024-12-22T18:00:00Z
2024,16,401671868,Chi,Det,TRUE,2024-12-22T18:00:00Z
2024,16,401671868,Det,Chi,FALSE,2024-12-22T18:00:00Z
2024,16,401671749,Den,LAC,FALSE,2024-12-22T21:05:00Z
2024,16,401671749,LAC,Den,TRUE,2024-12-22T21:05:00Z
2024,16,401671759,Min,Sea,FALSE,2024-12-22T21:05:00Z
2024,16,401671759,Sea,Min,TRUE,2024-12-22T21:05:00Z
2024,16,401671673,LV,Jax,TRUE,2024-12-22T21:25:00Z
2024,16,401671673,Jax,LV,FALSE,2024-12-22T21:25:00Z
2024,16,401671874,Mia,SF,TRUE,2024-12-22T21:25:00Z
2024,16,401671874,SF,Mia,FALSE,2024-12-22T21:25:00Z
2024,16,401671790,Dal,TB,TRUE,2024-12-23T01:20:00Z
2024,16,401671790,TB,Dal,FALSE,2024-12-23T01:20:00Z
2024,16,401671692,GB,NO,TRUE,2024-12-24T01:15:00Z
2024,16,401671692,NO,GB,FALSE,2024-12-24T01:15:00Z
2024,17,401671799,KC,Pit,FALSE,2024-12-25T18:00:00Z
2024,17,401671799,Pit,KC,TRUE,2024-12-25T18:00:00Z
2024,17,401671800,Bal,Hou,FALSE,2024-12-25T21:30:00Z
2024,17,401671800,Hou,Bal,TRUE,2024-12-25T21:30:00Z
2024,17,401671876,Chi,Sea,TRUE,2024-12-27T01:15:00Z
2024,17,401671876,Sea,Chi,FALSE,2024-12-27T01:15:00Z
2024,17,401671829,LAR,Ari,TRUE,2024-12-29T08:01:00Z
2024,17,401671829,Ari,LAR,FALSE,2024-12-29T08:01:00Z
2024,17,401671832,NE,LAC,TRUE,2024-12-29T08:01:00Z
2024,17,401671832,LAC,NE,FALSE,2024-12-29T08:01:00Z
2024,17,401671835,Cin,Den,TRUE,2024-12-29T08:01:00Z
2024,17,401671835,Den,Cin,FALSE,2024-12-29T08:01:00Z
2024,17,401671842,Atl,Wsh,FALSE,2024-12-29T08:01:00Z
2024,17,401671842,Wsh,Atl,TRUE,2024-12-29T08:01:00Z
2024,17,401671846,Ind,NYG,FALSE,2024-12-29T08:01:00Z
2024,17,401671846,NYG,Ind,TRUE,2024-12-29T08:01:00Z
2024,17,401671495,Buf,NYJ,TRUE,2024-12-29T18:00:00Z
2024,17,401671495,NYJ,Buf,FALSE,2024-12-29T18:00:00Z
2024,17,401671634,Ten,Jax,FALSE,2024-12-29T18:00:00Z
2024,17,401671634,Jax,Ten,TRUE,2024-12-29T18:00:00Z
2024,17,401671653,TB,Car,TRUE,2024-12-29T18:00:00Z
2024,17,401671653,Car,TB,FALSE,2024-12-29T18:00:00Z
2024,17,401671725,GB,Min,FALSE,2024-12-29T18:00:00Z
2024,17,401671725,Min,GB,TRUE,2024-12-29T18:00:00Z
2024,17,401671738,LV,NO,FALSE,2024-12-29T18:00:00Z
2024,17,401671738,NO,LV,TRUE,2024-12-29T18:00:00Z
2024,17,401671765,Dal,Phi,FALSE,2024-12-29T21:25:00Z
2024,17,401671765,Phi,Dal,TRUE,2024-12-29T21:25:00Z
2024,17,401671877,Cle,Mia,TRUE,2024-12-30T01:20:00Z
2024,17,401671877,Mia,Cle,FALSE,2024-12-30T01:20:00Z
2024,17,401671698,Det,SF,FALSE,2024-12-31T01:15:00Z
2024,17,401671698,SF,Det,TRUE,2024-12-31T01:15:00Z
2024,18,401671826,Ten,Hou,TRUE,2025-01-05T08:01:00Z
2024,18,401671826,Hou,Ten,FALSE,2025-01-05T08:01:00Z
2024,18,401671827,Atl,Car,TRUE,2025-01-05T08:01:00Z
2024,18,401671827,Car,Atl,FALSE,2025-01-05T08:01:00Z
2024,18,401671828,NO,TB,FALSE,2025-01-05T08:01:00Z
2024,18,401671828,TB,NO,TRUE,2025-01-05T08:01:00Z
2024,18,401671830,LAR,Sea,TRUE,2025-01-05T08:01:00Z
2024,18,401671830,Sea,LAR,FALSE,2025-01-05T08:01:00Z
2024,18,401671831,Buf,NE,FALSE,2025-01-05T08:01:00Z
2024,18,401671831,NE,Buf,TRUE,2025-01-05T08:01:00Z
2024,18,401671833,Mia,NYJ,FALSE,2025-01-05T08:01:00Z
2024,18,401671833,NYJ,Mia,TRUE,2025-01-05T08:01:00Z
2024,18,401671834,Cle,Bal,FALSE,2025-01-05T08:01:00Z
2024,18,401671834,Bal,Cle,TRUE,2025-01-05T08:01:00Z
2024,18,401671836,Cin,Pit,FALSE,2025-01-05T08:01:00Z
2024,18,401671836,Pit,Cin,TRUE,2025-01-05T08:01:00Z
2024,18,401671837,Ind,Jax,TRUE,2025-01-05T08:01:00Z
2024,18,401671837,Jax,Ind,FALSE,2025-01-05T08:01:00Z
2024,18,401671838,Den,KC,TRUE,2025-01-05T08:01:00Z
2024,18,401671838,KC,Den,FALSE,2025-01-05T08:01:00Z
2024,18,401671839,LV,LAC,TRUE,2025-01-05T08:01:00Z
2024,18,401671839,LAC,LV,FALSE,2025-01-05T08:01:00Z
2024,18,401671840,Dal,Wsh,TRUE,2025-01-05T08:01:00Z
2024,18,401671840,Wsh,Dal,FALSE,2025-01-05T08:01:00Z
2024,18,401671841,NYG,Phi,FALSE,2025-01-05T08:01:00Z
2024,18,401671841,Phi,NYG,TRUE,2025-01-05T08:01:00Z
2024,18,401671843,Det,Min,TRUE,2025-01-05T08:01:00Z
2024,18,401671843,Min,Det,FALSE,2025-01-05T08:01:00Z
2024,18,401671844,Chi,GB,FALSE,2025-01-05T08:01:00Z
2024,18,401671844,GB,Chi,TRUE,2025-01-05T08:01:00Z
2024,18,401671845,Ari,SF,TRUE,2025-01-05T08:01:00Z
2024,18,401671845,SF,Ari,FALSE,2025-01-05T08:01:00Z
